{
  "pairs": [
    {
      "status": "ok",
      "R": [
        [
          0.9999543471804029,
          0.008209518023612805,
          0.004889516216794121
        ],
        [
          -0.008212280452171705,
          0.9999661300513545,
          0.000545160428292113
        ],
        [
          -0.004884875104769204,
          -0.0005852896186293033,
          0.999987897642403
        ]
      ],
      "t": [
        0.6242090825826409,
        0.5736206593488742,
        -0.5303983035318842
      ],
      "match_count": 429,
      "inlier_ratio": 0.8321678321678322,
      "warnings": [],
      "pose_inliers": 12,
      "pair": [
        0,
        1
      ]
    },
    {
      "status": "ok",
      "R": [
        [
          0.9999966654829382,
          0.0008610551732574356,
          -0.002434667737699625
        ],
        [
          -0.0008575493075010099,
          0.9999985945608654,
          0.0014406545313616348
        ],
        [
          0.0024359047989593874,
          -0.0014385618798420374,
          0.999995998445758
        ]
      ],
      "t": [
        0.7525901021293067,
        -0.2061420966027148,
        -0.625390737207737
      ],
      "match_count": 518,
      "inlier_ratio": 0.833976833976834,
      "warnings": [],
      "pose_inliers": 350,
      "pair": [
        1,
        2
      ]
    },
    {
      "status": "ok",
      "R": [
        [
          0.999984594251045,
          0.0005662371126011478,
          0.005521832676259497
        ],
        [
          -0.0005298361813542707,
          0.9999781359946909,
          -0.00659141913433392
        ],
        [
          -0.005525444253019207,
          0.006588391921845849,
          0.9999630305954772
        ]
      ],
      "t": [
        0.5232298678516528,
        -0.2870821458333726,
        -0.8023804253168494
      ],
      "match_count": 576,
      "inlier_ratio": 0.8368055555555556,
      "warnings": [],
      "pose_inliers": 65,
      "pair": [
        2,
        3
      ]
    },
    {
      "status": "ok",
      "R": [
        [
          0.9998677273805932,
          0.0001370076019248656,
          0.01626373178837759
        ],
        [
          -2.2395418134535383e-05,
          0.9999751688051556,
          -0.00704707538957805
        ],
        [
          -0.01626429344338437,
          0.007045779021383203,
          0.9998429025385784
        ]
      ],
      "t": [
        -0.4771301496255878,
        0.4316824224707872,
        -0.7655044783984069
      ],
      "match_count": 506,
      "inlier_ratio": 0.8320158102766798,
      "warnings": [],
      "pose_inliers": 102,
      "pair": [
        3,
        4
      ]
    },
    {
      "status": "ok",
      "R": [
        [
          0.9998440878429672,
          -0.001964240447504626,
          0.01754826957080094
        ],
        [
          0.0018397439810750767,
          0.9999730465849122,
          0.0071078439609382794
        ],
        [
          -0.017561758099609776,
          -0.007074451438333285,
          0.9998207523297852
        ]
      ],
      "t": [
        -0.21113152419038422,
        0.01961245557424147,
        -0.9772608817912409
      ],
      "match_count": 550,
      "inlier_ratio": 0.8272727272727273,
      "warnings": [],
      "pose_inliers": 116,
      "pair": [
        4,
        5
      ]
    },
    {
      "status": "ok",
      "R": [
        [
          0.9998908822442152,
          -0.0045122430071518616,
          -0.01406638787782466
        ],
        [
          0.004431466149429131,
          0.9999735432884326,
          -0.005768434011379886
        ],
        [
          0.014092044303488205,
          0.005705469851079864,
          0.9998844242716889
        ]
      ],
      "t": [
        0.8133009801321555,
        0.4781838615019943,
        -0.33148410265820705
      ],
      "match_count": 545,
      "inlier_ratio": 0.8440366972477065,
      "warnings": [],
      "pose_inliers": 380,
      "pair": [
        5,
        6
      ]
    },
    {
      "status": "ok",
      "R": [
        [
          0.9998314704668654,
          -0.0035139323244430393,
          0.018018960671607576
        ],
        [
          0.0035322464396438796,
          0.9999932768226235,
          -0.0009846545797593531
        ],
        [
          -0.018015379517382468,
          0.0010481360460610212,
          0.9998371604974852
        ]
      ],
      "t": [
        -0.4788610859949666,
        0.2240607033133853,
        -0.8488161529745016
      ],
      "match_count": 604,
      "inlier_ratio": 0.8758278145695364,
      "warnings": [],
      "pose_inliers": 123,
      "pair": [
        6,
        7
      ]
    }
  ],
  "valid": [
    {
      "status": "ok",
      "R": [
        [
          0.9999543471804029,
          0.008209518023612805,
          0.004889516216794121
        ],
        [
          -0.008212280452171705,
          0.9999661300513545,
          0.000545160428292113
        ],
        [
          -0.004884875104769204,
          -0.0005852896186293033,
          0.999987897642403
        ]
      ],
      "t": [
        0.6242090825826409,
        0.5736206593488742,
        -0.5303983035318842
      ],
      "match_count": 429,
      "inlier_ratio": 0.8321678321678322,
      "warnings": [],
      "pose_inliers": 12,
      "pair": [
        0,
        1
      ]
    },
    {
      "status": "ok",
      "R": [
        [
          0.9999966654829382,
          0.0008610551732574356,
          -0.002434667737699625
        ],
        [
          -0.0008575493075010099,
          0.9999985945608654,
          0.0014406545313616348
        ],
        [
          0.0024359047989593874,
          -0.0014385618798420374,
          0.999995998445758
        ]
      ],
      "t": [
        0.7525901021293067,
        -0.2061420966027148,
        -0.625390737207737
      ],
      "match_count": 518,
      "inlier_ratio": 0.833976833976834,
      "warnings": [],
      "pose_inliers": 350,
      "pair": [
        1,
        2
      ]
    },
    {
      "status": "ok",
      "R": [
        [
          0.999984594251045,
          0.0005662371126011478,
          0.005521832676259497
        ],
        [
          -0.0005298361813542707,
          0.9999781359946909,
          -0.00659141913433392
        ],
        [
          -0.005525444253019207,
          0.006588391921845849,
          0.9999630305954772
        ]
      ],
      "t": [
        0.5232298678516528,
        -0.2870821458333726,
        -0.8023804253168494
      ],
      "match_count": 576,
      "inlier_ratio": 0.8368055555555556,
      "warnings": [],
      "pose_inliers": 65,
      "pair": [
        2,
        3
      ]
    },
    {
      "status": "ok",
      "R": [
        [
          0.9998677273805932,
          0.0001370076019248656,
          0.01626373178837759
        ],
        [
          -2.2395418134535383e-05,
          0.9999751688051556,
          -0.00704707538957805
        ],
        [
          -0.01626429344338437,
          0.007045779021383203,
          0.9998429025385784
        ]
      ],
      "t": [
        -0.4771301496255878,
        0.4316824224707872,
        -0.7655044783984069
      ],
      "match_count": 506,
      "inlier_ratio": 0.8320158102766798,
      "warnings": [],
      "pose_inliers": 102,
      "pair": [
        3,
        4
      ]
    },
    {
      "status": "ok",
      "R": [
        [
          0.9998440878429672,
          -0.001964240447504626,
          0.01754826957080094
        ],
        [
          0.0018397439810750767,
          0.9999730465849122,
          0.0071078439609382794
        ],
        [
          -0.017561758099609776,
          -0.007074451438333285,
          0.9998207523297852
        ]
      ],
      "t": [
        -0.21113152419038422,
        0.01961245557424147,
        -0.9772608817912409
      ],
      "match_count": 550,
      "inlier_ratio": 0.8272727272727273,
      "warnings": [],